Observation,Internal-Arrival Time (seconds),Timestamp 
1,6.02,6.02
2,39.37,45.39
3,10.68,56.07
4,19.19,75.26
5,6.52,81.78
6,1.63,83.41
7,53.39,136.8
8,8.75,145.55
9,4.62,150.17
10,12.33,162.5
11,22.35,184.85
12,55.41,240.26
13,4.21,244.47
14,58.24,302.71
15,5.39,308.1
16,1.26,309.36
17,113.32,422.68
18,12.44,435.12
19,14.84,449.96
20,8.9,458.86
21,9.15,468.01
22,29.72,497.73
23,175.75,673.48
24,124.76,798.24
25,68.26,866.5
26,5.52,872.02
27,8.73,880.75
28,8.42,889.17
29,35.59,924.76
30,188.82,1113.58
31,12.36,1125.94
32,14.66,1140.6
33,16.99,1157.59
34,12.36,1169.95
35,58.91,1228.86
36,177.13,1405.99
37,114.73,1520.72
38,22.09,1542.81
39,61.89,1604.7
